,Student_ID,Math_Score,Science_Score,Attendance_Percentage
0,101,85.0,95.0,92.5
1,102,78.0,88.0,99.0
2,103,91.0,75.0,75.5
3,104,76.0,89.0,89.0
4,105,95.0,92.0,98.0
5,106,65.0,72.0,68.0
6,107,88.0,85.0,86.84375
7,108,92.0,91.0,90.0
8,109,78.375,80.0,85.0
9,110,80.0,90.0,92.0
10,111,75.0,78.0,79.0
11,112,83.8984375,88.0,87.0
12,113,89.0,95.0,88.0
13,114,90.0,72.0,91.0
14,115,87.0,93.0,94.0
15,116,82.0,84.0,86.0
